YearMonth,rows_in_month,first_day,last_day,active_days
2010-12,17320,2010-12-01,2010-12-12,10
2011-01,11687,2011-01-02,2011-01-12,10
2011-02,10101,2011-02-02,2011-02-12,8
2011-03,9772,2011-03-02,2011-03-11,9
2011-04,14880,2011-04-01,2011-04-12,11
2011-05,13702,2011-05-01,2011-05-12,9
2011-06,16401,2011-06-01,2011-06-12,11
2011-07,14491,2011-07-01,2011-07-12,11
2011-08,13906,2011-08-02,2011-08-12,10
2011-09,11198,2011-09-01,2011-09-12,10
2011-10,12692,2011-10-01,2011-10-11,10
2011-11,13356,2011-11-01,2011-11-11,10
2011-12,9125,2011-12-01,2011-12-10,8
