YearMonth,orders,customers,quantity,revenue,aov,mom_growth_pct
2010-12,891,644,185018,362834.05,407.22,
2011-01,588,471,146352,239994.38,408.15,-33.86
2011-02,476,385,121586,209542.22,440.21,-12.69
2011-03,463,372,136034,261508.44,564.81,24.8
2011-04,629,479,192661,329347.22,523.6,25.94
2011-05,636,491,200342,322262.21,506.7,-2.15
2011-06,707,548,182086,305544.2,432.17,-5.19
2011-07,702,547,186413,322993.67,460.1,5.71
2011-08,660,511,152236,257498.63,390.15,-20.28
2011-09,562,452,231731,421984.18,750.86,63.88
2011-10,554,446,147968,291455.9,526.09,-30.93
2011-11,629,485,198825,345332.09,549.02,18.49
2011-12,464,374,124365,205190.8,442.22,-40.58
