YearMonth,revenue,cumulative_revenue,moving_avg_3m
2010-12,362834.05,362834.05,362834.05
2011-01,239994.38,602828.43,301414.21
2011-02,209542.22,812370.65,270790.22
2011-03,261508.44,1073879.09,237015.01
2011-04,329347.22,1403226.31,266799.29
2011-05,322262.21,1725488.52,304372.62
2011-06,305544.2,2031032.72,319051.21
2011-07,322993.67,2354026.39,316933.36
2011-08,257498.63,2611525.02,295345.5
2011-09,421984.18,3033509.2,334158.83
2011-10,291455.9,3324965.1,323646.24
2011-11,345332.09,3670297.19,352924.06
2011-12,205190.8,3875487.99,280659.6
