MonthNum,MonthName,months_in_data,revenue,avg_revenue_per_month,orders
1,January,1,239994.38,239994.38,588
2,February,1,209542.22,209542.22,476
3,March,1,261508.44,261508.44,463
4,April,1,329347.22,329347.22,629
5,May,1,322262.21,322262.21,636
6,June,1,305544.2,305544.2,707
7,July,1,322993.67,322993.67,702
8,August,1,257498.63,257498.63,660
9,September,1,421984.18,421984.18,562
10,October,1,291455.9,291455.9,554
11,November,1,345332.09,345332.09,629
12,December,2,568024.85,284012.42,1355
