cohort,cohort_size,m1_pct,m2_pct,m3_pct,m6_pct,m12_pct
2010-12,644,21.7,15.2,16.1,21.1,15.8
2011-01,331,13.6,12.1,15.4,18.7,0.0
2011-02,242,9.9,12.4,9.5,9.5,0.0
2011-03,204,11.8,11.3,15.2,9.8,0.0
2011-04,240,10.8,13.3,10.8,11.3,0.0
2011-05,230,13.0,9.6,12.2,8.7,0.0
2011-06,234,11.1,9.4,10.7,7.3,0.0
2011-07,203,14.8,11.3,10.3,0.0,0.0
2011-08,171,7.0,5.8,10.5,0.0,0.0
2011-09,125,4.8,12.0,5.6,0.0,0.0
2011-10,146,6.8,5.5,0.0,0.0,0.0
2011-11,139,6.5,0.0,0.0,0.0,0.0
2011-12,88,0.0,0.0,0.0,0.0,0.0
