StockCode,description,quantity,orders,revenue,avg_selling_price,revenue_share_pct
23843,"PAPER CRAFT , LITTLE BIRDIE",80995,1,168469.6,2.08,4.35
22423,REGENCY CAKESTAND 3 TIER,5412,736,62421.66,11.53,1.61
85123A,CREAM HANGING HEART T-LIGHT HOLDER,17496,888,48067.38,2.75,1.24
22502,PICNIC BASKET WICKER 60 PIECES,856,119,43857.75,51.24,1.13
85099B,JUMBO BAG RED RETROSPOT,20586,680,37977.38,1.84,0.98
84879,ASSORTED COLOUR BIRD ORNAMENT,18065,585,28511.93,1.58,0.74
47566,PARTY BUNTING,6324,573,28271.52,4.47,0.73
21137,BLACK RECORD COVER FRAME,6582,137,22447.01,3.41,0.58
79321,CHILLI LIGHTS,4473,223,21040.03,4.7,0.54
22086,PAPER CHAIN KIT 50'S CHRISTMAS,7568,453,20530.4,2.71,0.53
