StockCode,description,quantity,revenue,avg_selling_price
23843,"PAPER CRAFT , LITTLE BIRDIE",80995,168469.6,2.08
84077,WORLD WAR 2 GLIDERS ASSTD DESIGNS,24682,6052.12,0.25
22197,POPCORN HOLDER,20697,15690.55,0.76
85099B,JUMBO BAG RED RETROSPOT,20586,37977.38,1.84
84879,ASSORTED COLOUR BIRD ORNAMENT,18065,28511.93,1.58
85123A,CREAM HANGING HEART T-LIGHT HOLDER,17496,48067.38,2.75
21915,RED  HARMONICA IN BOX,13992,15381.74,1.1
21212,PACK OF 72 RETROSPOT CAKE CASES,13214,6457.44,0.49
22492,MINI PAINT SET VINTAGE,12991,7793.87,0.6
22616,PACK OF 12 LONDON TISSUES,10620,3047.9,0.29
