StockCode,description,orders_containing,order_penetration_pct,customers
85123A,CREAM HANGING HEART T-LIGHT HOLDER,888,11.15,514
22423,REGENCY CAKESTAND 3 TIER,736,9.25,488
85099B,JUMBO BAG RED RETROSPOT,680,8.54,388
84879,ASSORTED COLOUR BIRD ORNAMENT,585,7.35,392
47566,PARTY BUNTING,573,7.2,390
20725,LUNCH BAG RED RETROSPOT,545,6.85,331
22197,POPCORN HOLDER,456,5.73,263
22086,PAPER CHAIN KIT 50'S CHRISTMAS,453,5.69,344
20727,LUNCH BAG  BLACK SKULL.,441,5.54,260
22720,SET OF 3 CAKE TINS PANTRY DESIGN,438,5.5,324
