StockCode,description,quantity,revenue
46115B,GREEN POP ART MAO CUSHION COVER,12,2.28
90083,CRYSTAL CZECH CROSS PHONE CHARM,12,2.28
79063D,"RETRO PILL BOX , REVOLUTIONARY",15,2.85
16010,FOLDING CAMPING SCISSOR W/KNIF & S,24,2.88
47013C,WINE BOTTLE DRESSING DARK BLUE,24,2.88
81950B,FLOWER BLUE CLOCK WITH SUCKER,12,3.48
90214O,"LETTER ""O"" BLING KEY RING",12,3.48
90214T,"LETTER ""T"" BLING KEY RING",12,3.48
90214U,"LETTER ""U"" BLING KEY RING",12,3.48
90214W,"LETTER ""W"" BLING KEY RING",12,3.48
