StockCode,description,avg_unit_price,quantity,revenue
22827,RUSTIC  SEVENTEEN DRAWER SIDEBOARD,159.0,13,2025.0
22655,VINTAGE RED KITCHEN CABINET,155.0,23,3385.0
22828,REGENCY MIRROR WITH SHUTTERS,151.67,5,745.0
22826,LOVE SEAT ANTIQUE WHITE METAL,124.47,24,2880.0
22823,CHEST NATURAL WOOD 20 DRAWERS,120.0,4,470.0
22656,VINTAGE BLUE KITCHEN CABINET,116.67,11,1300.0
21769,VINTAGE POST OFFICE CABINET,66.36,11,607.65
22929,SCHOOL DESK AND CHAIR,65.0,4,260.0
84632,DECORATIVE HANGING SHELVING UNIT,59.95,3,179.85
84963B,BLUE PAINTED KASHMIRI CHAIR,49.95,3,149.85
