Country,customers,orders,quantity,revenue,revenue_share_pct,aov,revenue_per_customer
United Kingdom,2713,7187,1865047,3272810.14,84.45,455.38,1206.34
EIRE,3,100,52087,97500.23,2.52,975.0,32500.08
Germany,71,182,50035,94022.48,2.43,516.61,1324.26
Netherlands,8,37,64203,89850.96,2.32,2428.4,11231.37
France,63,169,48275,85119.95,2.2,503.67,1351.11
Australia,7,25,27744,49209.71,1.27,1968.39,7029.96
Switzerland,11,18,14278,27692.51,0.71,1538.47,2517.5
Spain,18,36,10375,25007.25,0.65,694.65,1389.29
Japan,4,9,8739,17134.16,0.44,1903.8,4283.54
Belgium,19,40,9483,16942.55,0.44,423.56,891.71
Norway,6,17,9183,14655.1,0.38,862.06,2442.52
Portugal,13,24,7234,13162.27,0.34,548.43,1012.48
Finland,7,17,4696,11357.6,0.29,668.09,1622.51
Sweden,5,15,8941,9316.36,0.24,621.09,1863.27
Singapore,1,3,1389,8209.58,0.21,2736.53,8209.58
Channel Islands,6,11,4149,7894.96,0.2,717.72,1315.83
Cyprus,5,7,2377,5385.91,0.14,769.42,1077.18
Denmark,6,7,2899,4863.56,0.13,694.79,810.59
Poland,4,11,2320,3904.21,0.1,354.93,976.05
Italy,6,11,1823,3664.11,0.09,333.1,610.69
Austria,5,7,1235,2999.69,0.08,428.53,599.94
Iceland,1,5,1467,2540.29,0.07,508.06,2540.29
USA,3,3,1832,2464.75,0.06,821.58,821.58
Greece,3,4,1031,2099.28,0.05,524.82,699.76
Canada,2,2,1530,1751.88,0.05,875.94,875.94
Lithuania,1,4,652,1661.06,0.04,415.26,1661.06
Unspecified,2,2,936,1151.78,0.03,575.89,575.89
United Arab Emirates,1,1,485,975.54,0.03,975.54,975.54
Malta,1,1,378,833.16,0.02,833.16,833.16
Bahrain,1,1,240,459.4,0.01,459.4,459.4
European Community,1,2,130,432.05,0.01,216.03,432.05
Czech Republic,1,1,325,277.48,0.01,277.48,277.48
Israel,1,2,99,138.03,0.0,69.02,138.03
