Country,rank_in_country,StockCode,description,quantity,revenue
Australia,1,22722,SET OF 6 SPICE TINS PANTRY DESIGN,528,1821.6
Australia,2,21915,RED  HARMONICA IN BOX,1212,1287.0
Australia,3,22720,SET OF 3 CAKE TINS PANTRY DESIGN,284,1215.4
EIRE,1,22423,REGENCY CAKESTAND 3 TIER,199,2335.65
EIRE,2,22838,3 TIER CAKE TIN RED AND CREAM,152,1938.0
EIRE,3,23046,PAPER LANTERN 9 POINT DELUXE STAR,240,1380.0
France,1,23084,RABBIT NIGHT LIGHT,1098,1984.56
France,2,21731,RED TOADSTOOL LED NIGHT LIGHT,612,1009.8
France,3,22090,PAPER BUNTING RETROSPOT,350,952.5
Germany,1,22423,REGENCY CAKESTAND 3 TIER,239,2644.05
Germany,2,22326,ROUND SNACK BOXES SET OF4 WOODLAND,513,1513.35
Germany,3,22629,SPACEBOY LUNCH BOX,516,929.4
Netherlands,1,22326,ROUND SNACK BOXES SET OF4 WOODLAND,1356,3462.6
Netherlands,2,23084,RABBIT NIGHT LIGHT,1680,3076.8
Netherlands,3,22629,SPACEBOY LUNCH BOX,1420,2346.6
