YearMonth,uk_revenue,international_revenue,international_share_pct
2010-12,321120.94,41713.11,11.5
2011-01,196210.44,43783.94,18.24
2011-02,184140.11,25402.11,12.12
2011-03,228910.24,32598.2,12.47
2011-04,282932.11,46415.11,14.09
2011-05,253220.79,69041.42,21.42
2011-06,256865.01,48679.19,15.93
2011-07,271583.91,51409.76,15.92
2011-08,225220.89,32277.74,12.54
2011-09,376965.36,45018.82,10.67
2011-10,243913.25,47542.65,16.31
2011-11,279090.3,66241.79,19.18
2011-12,152636.79,52554.01,25.61
