item_a,description_a,item_b,description_b,orders_together,support_pct
22726,ALARM CLOCK BAKELIKE GREEN,22727,ALARM CLOCK BAKELIKE RED,240,3.01
22386,JUMBO BAG PINK POLKADOT,85099B,JUMBO BAG RED RETROSPOT,233,2.93
20725,LUNCH BAG RED RETROSPOT,20727,LUNCH BAG  BLACK SKULL.,225,2.83
20725,LUNCH BAG RED RETROSPOT,22384,LUNCH BAG PINK POLKADOT,214,2.69
20725,LUNCH BAG RED RETROSPOT,22383,LUNCH BAG SUKI  DESIGN,210,2.64
82482,WOODEN PICTURE FRAME WHITE FINISH,82494L,WOODEN FRAME ANTIQUE WHITE,205,2.58
20725,LUNCH BAG RED RETROSPOT,22382,LUNCH BAG SPACEBOY DESIGN,201,2.52
22469,HEART OF WICKER SMALL,22470,HEART OF WICKER LARGE,194,2.44
20725,LUNCH BAG RED RETROSPOT,20728,LUNCH BAG CARS BLUE,192,2.41
20725,LUNCH BAG RED RETROSPOT,23209,LUNCH BAG DOILEY PATTERN,184,2.31
