InvoiceNo,InvoiceDateTime,CustomerID,Country,StockCode,Description,Quantity,UnitPrice,revenue
581483,2011-09-12 09:15:00,16446,United Kingdom,23843,"PAPER CRAFT , LITTLE BIRDIE",80995,2.08,168469.6
556444,2011-10-06 15:28:00,15098,United Kingdom,22502,PICNIC BASKET WICKER 60 PIECES,60,649.5,38970.0
551697,2011-03-05 13:46:00,16029,United Kingdom,POST,POSTAGE,1,8142.75,8142.75
540815,2011-11-01 12:55:00,15749,United Kingdom,21108,FAIRY CAKE FLANNEL ASSORTED COLOUR,3114,2.1,6539.4
540815,2011-11-01 12:55:00,15749,United Kingdom,85123A,WHITE HANGING HEART T-LIGHT HOLDER,1930,2.55,4921.5
540818,2011-11-01 12:57:00,15749,United Kingdom,48185,DOORMAT FAIRY CAKE,670,6.75,4522.5
562439,2011-04-08 18:06:00,12931,United Kingdom,84879,ASSORTED COLOUR BIRD ORNAMENT,2880,1.45,4176.0
540689,2011-11-01 08:43:00,17450,United Kingdom,22470,HEART OF WICKER LARGE,1284,3.21,4121.64
581115,2011-07-12 12:20:00,15195,United Kingdom,22413,METAL SIGN TAKE IT OR LEAVE IT,1404,2.75,3861.0
537659,2010-12-07 16:43:00,18102,United Kingdom,21623,VINTAGE UNION JACK MEMOBOARD,600,6.38,3828.0
